Parlementaires,Soutien
Damien Abad,Signataire de la tribune de soutien à François Fillon
Elie Aboud,Signataire de la tribune de soutien à François Fillon
Bernard Accoyer,Signataire de la tribune de soutien à François Fillon
Yves Albarello,Signataire de la tribune de soutien à François Fillon
Pascal Allizard,Signataire de la tribune de soutien à François Fillon
Nicole Ameline,Signataire de la tribune de soutien à François Fillon
Benoist Apparu,Signataire de la tribune de soutien à François Fillon
Laurence Arribagé,Signataire de la tribune de soutien à François Fillon
Julien Aubert,Signataire de la tribune de soutien à François Fillon
Olivier Audibert Troin,Signataire de la tribune de soutien à François Fillon
François Baroin,Signataire de la tribune de soutien à François Fillon
Philippe Bas,Signataire de la tribune de soutien à François Fillon
Jacques Alain Bénisti,Signataire de la tribune de soutien à François Fillon
Sylvain Berrios,Signataire de la tribune de soutien à François Fillon
Jérôme Bignon,Signataire de la tribune de soutien à François Fillon
Annick Billon,Signataire de la tribune de soutien à François Fillon
Jean Bizet,Signataire de la tribune de soutien à François Fillon
Jean-Marie Bockel,Signataire de la tribune de soutien à François Fillon
François Bonhomme,Signataire de la tribune de soutien à François Fillon
Marcel Bonnot,Signataire de la tribune de soutien à François Fillon
Gilbert Bouchet,Signataire de la tribune de soutien à François Fillon
Valérie Boyer,Signataire de la tribune de soutien à François Fillon
Xavier Breton,Signataire de la tribune de soutien à François Fillon
Philippe Briand,Signataire de la tribune de soutien à François Fillon
Bernard Brochand,Signataire de la tribune de soutien à François Fillon
François-Noël Buffet,Signataire de la tribune de soutien à François Fillon
Dominique Bussereau,Signataire de la tribune de soutien à François Fillon
François Calvet,Signataire de la tribune de soutien à François Fillon
Christian Cambon,Signataire de la tribune de soutien à François Fillon
Agnès Canayer,Signataire de la tribune de soutien à François Fillon
Jean-Pierre Cantegrit,Signataire de la tribune de soutien à François Fillon
Jean-Noël Cardoux,Signataire de la tribune de soutien à François Fillon
Jean-Claude Carle,Signataire de la tribune de soutien à François Fillon
Olivier Carré,Signataire de la tribune de soutien à François Fillon
Gilles Carrez,Signataire de la tribune de soutien à François Fillon
Caroline Cayeux,Signataire de la tribune de soutien à François Fillon
Yves Censi,Signataire de la tribune de soutien à François Fillon
Anne Chain-Larché,Signataire de la tribune de soutien à François Fillon
Patrick Chaize,Signataire de la tribune de soutien à François Fillon
Pierre Charon,Signataire de la tribune de soutien à François Fillon
Jérôme Chartier,Signataire de la tribune de soutien à François Fillon
Daniel Chasseing,Signataire de la tribune de soutien à François Fillon
Luc Chatel,Signataire de la tribune de soutien à François Fillon
Alain Chatillon,Signataire de la tribune de soutien à François Fillon
Guillaume Chevrollier,Signataire de la tribune de soutien à François Fillon
Alain Chrétien,Signataire de la tribune de soutien à François Fillon
Dino Cinieri,Signataire de la tribune de soutien à François Fillon
Éric Ciotti,Signataire de la tribune de soutien à François Fillon
Philippe Cochet,Signataire de la tribune de soutien à François Fillon
François Commeinhes,Signataire de la tribune de soutien à François Fillon
Jean-François Copé,Signataire de la tribune de soutien à François Fillon
Gérard Cornu,Signataire de la tribune de soutien à François Fillon
François Cornut-Gentille,Signataire de la tribune de soutien à François Fillon
Jean-Louis Costes,Signataire de la tribune de soutien à François Fillon
Jean-Michel Couve,Signataire de la tribune de soutien à François Fillon
Pierre Cuypers,Signataire de la tribune de soutien à François Fillon
Philippe Dallier,Signataire de la tribune de soutien à François Fillon
Marie-Christine Dalloz,Signataire de la tribune de soutien à François Fillon
Mathieu Darnaud,Signataire de la tribune de soutien à François Fillon
Serge Dassault,Signataire de la tribune de soutien à François Fillon
Olivier Dassault,Signataire de la tribune de soutien à François Fillon
Marc-Philippe Daubresse,Signataire de la tribune de soutien à François Fillon
Charles de Courson,Signataire de la tribune de soutien à François Fillon
Claude de Ganay,Signataire de la tribune de soutien à François Fillon
Laure de La Raudière,Signataire de la tribune de soutien à François Fillon
Charles de La Verpillière,Signataire de la tribune de soutien à François Fillon
Dominique De Legge,Signataire de la tribune de soutien à François Fillon
François de Mazieres,Signataire de la tribune de soutien à François Fillon
Albéric De Montgolfier,Signataire de la tribune de soutien à François Fillon
Louis-Jean De Nicolay,Signataire de la tribune de soutien à François Fillon
Henri De Raincourt,Signataire de la tribune de soutien à François Fillon
Camille de Rocca Serra,Signataire de la tribune de soutien à François Fillon
Marie-France de Rose,Signataire de la tribune de soutien à François Fillon
Bernard Debré,Signataire de la tribune de soutien à François Fillon
Isabelle Debré,Signataire de la tribune de soutien à François Fillon
Bernard Deflesselles,Signataire de la tribune de soutien à François Fillon
Robert Del Picchia,Signataire de la tribune de soutien à François Fillon
Vincent Delahaye,Signataire de la tribune de soutien à François Fillon
Rémi Delatte,Signataire de la tribune de soutien à François Fillon
Francis Delattre,Signataire de la tribune de soutien à François Fillon
Gérard Dériot,Signataire de la tribune de soutien à François Fillon
Catherine Deroche,Signataire de la tribune de soutien à François Fillon
Jacky Deromedi,Signataire de la tribune de soutien à François Fillon
Marie-Hélène Des Esgaulx,Signataire de la tribune de soutien à François Fillon
Chantal Deseyne,Signataire de la tribune de soutien à François Fillon
Patrick Devedjian,Signataire de la tribune de soutien à François Fillon
Nicolas Dhuicq,Signataire de la tribune de soutien à François Fillon
Catherine Di Folco,Signataire de la tribune de soutien à François Fillon
Sophie Dion,Signataire de la tribune de soutien à François Fillon
Julien Dive,Signataire de la tribune de soutien à François Fillon
Éric Doligé,Signataire de la tribune de soutien à François Fillon
Philippe Dominati,Signataire de la tribune de soutien à François Fillon
Jean-Pierre Door,Signataire de la tribune de soutien à François Fillon
Dominique Dord,Signataire de la tribune de soutien à François Fillon
David Douillet,Signataire de la tribune de soutien à François Fillon
Marianne Dubois,Signataire de la tribune de soutien à François Fillon
Alain Dufaut,Signataire de la tribune de soutien à François Fillon
Jean-Léonce Dupont,Signataire de la tribune de soutien à François Fillon
Louis Duvernois,Signataire de la tribune de soutien à François Fillon
Jean-Paul Émorine,Signataire de la tribune de soutien à François Fillon
Dominique Estrosi Sassone,Signataire de la tribune de soutien à François Fillon
Hubert Falco,Signataire de la tribune de soutien à François Fillon
Daniel Fasquelle,Signataire de la tribune de soutien à François Fillon
Françoise Férat,Signataire de la tribune de soutien à François Fillon
Philippe Folliot,Signataire de la tribune de soutien à François Fillon
Michel Fontaine,Signataire de la tribune de soutien à François Fillon
Michel Forissier,Signataire de la tribune de soutien à François Fillon
Alain Fouché,Signataire de la tribune de soutien à François Fillon
Yves Foulon,Signataire de la tribune de soutien à François Fillon
Bernard Fournier,Signataire de la tribune de soutien à François Fillon
Jean-Paul Fournier,Signataire de la tribune de soutien à François Fillon
Marc Francina,Signataire de la tribune de soutien à François Fillon
Christophe-André Frassa,Signataire de la tribune de soutien à François Fillon
Pierre Frogier,Signataire de la tribune de soutien à François Fillon
Yves Fromion,Signataire de la tribune de soutien à François Fillon
Joëlle Garriaud-Maylam,Signataire de la tribune de soutien à François Fillon
Françoise Gatel,Signataire de la tribune de soutien à François Fillon
Jean-Claude Gaudin,Signataire de la tribune de soutien à François Fillon
Hervé Gaymard,Signataire de la tribune de soutien à François Fillon
Annie Genevard,Signataire de la tribune de soutien à François Fillon
Guy Geoffroy,Signataire de la tribune de soutien à François Fillon
Bernard Gérard,Signataire de la tribune de soutien à François Fillon
Frédérique Gerbaud,Signataire de la tribune de soutien à François Fillon
Alain Gest,Signataire de la tribune de soutien à François Fillon
Daniel Gibbes,Signataire de la tribune de soutien à François Fillon
Bruno Gilles,Signataire de la tribune de soutien à François Fillon
Georges Ginesta,Signataire de la tribune de soutien à François Fillon
Charles-Ange Ginesy,Signataire de la tribune de soutien à François Fillon
Jean-Pierre Giran,Signataire de la tribune de soutien à François Fillon
Colette Giudicelli,Signataire de la tribune de soutien à François Fillon
Claude Goasguen,Signataire de la tribune de soutien à François Fillon
Philippe Goujon,Signataire de la tribune de soutien à François Fillon
Alain Gournac,Signataire de la tribune de soutien à François Fillon
Claude Greff,Signataire de la tribune de soutien à François Fillon
François Grosdidier,Signataire de la tribune de soutien à François Fillon
Jacques Grosperrin,Signataire de la tribune de soutien à François Fillon
Serge Grouard,Signataire de la tribune de soutien à François Fillon
Pascale Gruny,Signataire de la tribune de soutien à François Fillon
Charles Guené,Signataire de la tribune de soutien à François Fillon
Joël Guerriau,Signataire de la tribune de soutien à François Fillon
Jean-Claude Guibal,Signataire de la tribune de soutien à François Fillon
Jean-Jacques Guillet,Signataire de la tribune de soutien à François Fillon
Meyer Habib,Signataire de la tribune de soutien à François Fillon
Michel Heinrich,Signataire de la tribune de soutien à François Fillon
Michel Herbillon,Signataire de la tribune de soutien à François Fillon
Antoine Herth,Signataire de la tribune de soutien à François Fillon
Patrick Hetzel,Signataire de la tribune de soutien à François Fillon
Philippe Houillon,Signataire de la tribune de soutien à François Fillon
Guénhaël Huet,Signataire de la tribune de soutien à François Fillon
Christiane Hummel,Signataire de la tribune de soutien à François Fillon
Benoît Huré,Signataire de la tribune de soutien à François Fillon
Corinne Imbert,Signataire de la tribune de soutien à François Fillon
Christian Jacob,Signataire de la tribune de soutien à François Fillon
Denis Jacquat,Signataire de la tribune de soutien à François Fillon
Sophie Joissains,Signataire de la tribune de soutien à François Fillon
Alain Joyandet,Signataire de la tribune de soutien à François Fillon
Christiane Kammermann,Signataire de la tribune de soutien à François Fillon
Roger Karoutchi,Signataire de la tribune de soutien à François Fillon
Nathalie Kosciusko-Morizet,Signataire de la tribune de soutien à François Fillon
Jacques Kossowski,Signataire de la tribune de soutien à François Fillon
Patrick Labaune,Signataire de la tribune de soutien à François Fillon
Marc Laffineur,Signataire de la tribune de soutien à François Fillon
Jacques Lamblin,Signataire de la tribune de soutien à François Fillon
Marc Laménie,Signataire de la tribune de soutien à François Fillon
Jean-François Lamour,Signataire de la tribune de soutien à François Fillon
Élisabeth Lamure,Signataire de la tribune de soutien à François Fillon
Gérard Larcher,Signataire de la tribune de soutien à François Fillon
Guillaume Larrivé,Signataire de la tribune de soutien à François Fillon
Daniel Laurent,Signataire de la tribune de soutien à François Fillon
Nuihau Laurey,Signataire de la tribune de soutien à François Fillon
Thierry Lazaro,Signataire de la tribune de soutien à François Fillon
Isabelle Le Callennec,Signataire de la tribune de soutien à François Fillon
Marc Le Fur,Signataire de la tribune de soutien à François Fillon
Bruno Le Maire,Signataire de la tribune de soutien à François Fillon
Dominique Le Mèner,Signataire de la tribune de soutien à François Fillon
Alain Leboeuf,Signataire de la tribune de soutien à François Fillon
Vincent Ledoux,Signataire de la tribune de soutien à François Fillon
Frédéric Lefebvre,Signataire de la tribune de soutien à François Fillon
Jacques Legendre,Signataire de la tribune de soutien à François Fillon
Jean-Pierre Leleux,Signataire de la tribune de soutien à François Fillon
Pierre Lellouche,Signataire de la tribune de soutien à François Fillon
Jean-Claude Lenoir,Signataire de la tribune de soutien à François Fillon
Jean Léonetti,Signataire de la tribune de soutien à François Fillon
Pierre Lequiller,Signataire de la tribune de soutien à François Fillon
Maurice Leroy,Signataire de la tribune de soutien à François Fillon
Philippe Leroy,Signataire de la tribune de soutien à François Fillon
Valérie Létard,Signataire de la tribune de soutien à François Fillon
Céleste Lett,Signataire de la tribune de soutien à François Fillon
Geneviève Levy,Signataire de la tribune de soutien à François Fillon
Gérard Longuet,Signataire de la tribune de soutien à François Fillon
Vivette Lopez,Signataire de la tribune de soutien à François Fillon
Véronique Louwagie,Signataire de la tribune de soutien à François Fillon
Lionnel Luca,Signataire de la tribune de soutien à François Fillon
Gilles Lurton,Signataire de la tribune de soutien à François Fillon
Michel Magras,Signataire de la tribune de soutien à François Fillon
Jean-François Mancel,Signataire de la tribune de soutien à François Fillon
Didier Mandelli,Signataire de la tribune de soutien à François Fillon
Laurent Marcangeli,Signataire de la tribune de soutien à François Fillon
Hervé Mariton,Signataire de la tribune de soutien à François Fillon
Alain Marleix,Signataire de la tribune de soutien à François Fillon
Franck Marlin,Signataire de la tribune de soutien à François Fillon
Alain Marsaud,Signataire de la tribune de soutien à François Fillon
Hervé Marseille,Signataire de la tribune de soutien à François Fillon
Philippe Armand Martin,Signataire de la tribune de soutien à François Fillon
Alain Marty,Signataire de la tribune de soutien à François Fillon
Patrick Masclet,Signataire de la tribune de soutien à François Fillon
Jean-Claude Mathis,Signataire de la tribune de soutien à François Fillon
Hervé Maurey,Signataire de la tribune de soutien à François Fillon
Pierre Médevielle,Signataire de la tribune de soutien à François Fillon
Colette Mélot,Signataire de la tribune de soutien à François Fillon
Gérard Menuel,Signataire de la tribune de soutien à François Fillon
Damien Meslot,Signataire de la tribune de soutien à François Fillon
Brigitte Micouleau,Signataire de la tribune de soutien à François Fillon
Jean-Claude Mignon,Signataire de la tribune de soutien à François Fillon
Alain Milon,Signataire de la tribune de soutien à François Fillon
Yannick Moreau,Signataire de la tribune de soutien à François Fillon
Pierre Morel-A-L'Huissier,Signataire de la tribune de soutien à François Fillon
Patricia Morhet-Richaud,Signataire de la tribune de soutien à François Fillon
Philippe Mouiller,Signataire de la tribune de soutien à François Fillon
Jacques Myard,Signataire de la tribune de soutien à François Fillon
Louis Nègre,Signataire de la tribune de soutien à François Fillon
Claude Nougein,Signataire de la tribune de soutien à François Fillon
Philippe Paul,Signataire de la tribune de soutien à François Fillon
Cyril Pellevat,Signataire de la tribune de soutien à François Fillon
Stéphanie Pernod Beaudon,Signataire de la tribune de soutien à François Fillon
Cédric Perrin,Signataire de la tribune de soutien à François Fillon
Bernard Perrut,Signataire de la tribune de soutien à François Fillon
Edouard Philippe,Signataire de la tribune de soutien à François Fillon
Jackie Pierre,Signataire de la tribune de soutien à François Fillon
François Pillet,Signataire de la tribune de soutien à François Fillon
Rémy Pointereau,Signataire de la tribune de soutien à François Fillon
Berengère Poletti,Signataire de la tribune de soutien à François Fillon
Ladislas Poniatowski,Signataire de la tribune de soutien à François Fillon
Axel Poniatowski,Signataire de la tribune de soutien à François Fillon
Josette Pons,Signataire de la tribune de soutien à François Fillon
Hugues Portelli,Signataire de la tribune de soutien à François Fillon
Sophie Primas,Signataire de la tribune de soutien à François Fillon
Christophe Priou,Signataire de la tribune de soutien à François Fillon
Catherine Procaccia,Signataire de la tribune de soutien à François Fillon
Didier Quentin,Signataire de la tribune de soutien à François Fillon
Jean-Pierre Raffarin,Signataire de la tribune de soutien à François Fillon
Jean-François Rapin,Signataire de la tribune de soutien à François Fillon
Frédéric Reiss,Signataire de la tribune de soutien à François Fillon
Jean-Luc Reitzer,Signataire de la tribune de soutien à François Fillon
Bruno Retailleau,Signataire de la tribune de soutien à François Fillon
Charles Revet,Signataire de la tribune de soutien à François Fillon
Bernard Reynès,Signataire de la tribune de soutien à François Fillon
Franck Riester,Signataire de la tribune de soutien à François Fillon
Didier Robert,Signataire de la tribune de soutien à François Fillon
Arnaud Robinet,Signataire de la tribune de soutien à François Fillon
Sophie Rohfritsch,Signataire de la tribune de soutien à François Fillon
Rudy Salles,Signataire de la tribune de soutien à François Fillon
René-Paul Savary,Signataire de la tribune de soutien à François Fillon
Michel Savin,Signataire de la tribune de soutien à François Fillon
André Schneider,Signataire de la tribune de soutien à François Fillon
Jean-Marie Sermier,Signataire de la tribune de soutien à François Fillon
Bruno Sido,Signataire de la tribune de soutien à François Fillon
Fernand Siré,Signataire de la tribune de soutien à François Fillon
Abdourahamane Soilihi,Signataire de la tribune de soutien à François Fillon
Thierry Solere,Signataire de la tribune de soutien à François Fillon
Michel Sordi,Signataire de la tribune de soutien à François Fillon
Éric Straumann,Signataire de la tribune de soutien à François Fillon
Claude Sturni,Signataire de la tribune de soutien à François Fillon
Alain Suguenot,Signataire de la tribune de soutien à François Fillon
Lionel Tardy,Signataire de la tribune de soutien à François Fillon
Guy Teissier,Signataire de la tribune de soutien à François Fillon
Michel Terrot,Signataire de la tribune de soutien à François Fillon
Jean-Marie Tetart,Signataire de la tribune de soutien à François Fillon
Lana Tetuanui,Signataire de la tribune de soutien à François Fillon
Pascal Thévenot,Signataire de la tribune de soutien à François Fillon
André Trillard,Signataire de la tribune de soutien à François Fillon
François Vannson,Signataire de la tribune de soutien à François Fillon
Michel Vaspart,Signataire de la tribune de soutien à François Fillon
Alain Vasselle,Signataire de la tribune de soutien à François Fillon
Hilarion Vendegou,Signataire de la tribune de soutien à François Fillon
Francis Vercamer,Signataire de la tribune de soutien à François Fillon
Arnaud Viala,Signataire de la tribune de soutien à François Fillon
Jean-Sébastien Vialatte,Signataire de la tribune de soutien à François Fillon
Jean-Pierre Vigier,Signataire de la tribune de soutien à François Fillon
Philippe Vigier,Signataire de la tribune de soutien à François Fillon
Philippe Vitel,Signataire de la tribune de soutien à François Fillon
Jean Pierre Vogel,Signataire de la tribune de soutien à François Fillon
Michel Voisin,Signataire de la tribune de soutien à François Fillon
Laurent Wauquiez,Signataire de la tribune de soutien à François Fillon
Patrick Weiten,Signataire de la tribune de soutien à François Fillon
Éric Woerth,Signataire de la tribune de soutien à François Fillon
François Zocchetto,Signataire de la tribune de soutien à François Fillon
Michel Zumkeller,Signataire de la tribune de soutien à François Fillon
